unit_id,x,y
U1,-85.50369809156427,178.64557675123052
U2,33.76723012386226,62.953868245539724
U3,25.227891008499725,-18.756696946849672
U4,11.143853411792051,-0.695934942826625
U5,-76.97331527052857,-81.86293620754353
U6,-75.55012970455768,-143.47367084049043
U7,-28.97007139100816,-97.50291254047437
U8,-79.26265925808627,134.40435979985529
U9,79.57193201779813,5.058020227512117
U10,47.465853163944644,136.16075158192768
