unit_id,x,y
U1,-85.50369809156427,178.64557675123052
U2,33.76723012386226,62.953868245539724
U3,25.227891008499725,-18.756696946849672
U4,11.143853411792051,-0.695934942826625
U5,-76.97331527052857,-81.86293620754353

