emergency_id,x,y
E1,42.546245,1.601554
E2,23.424076,53.847818
E3,33.93911,67.709953
E4,17.060816,-61.796428
E5,18.220554,-63.068615
E6,41.153332,20.168331
E7,40.069099,45.038189
E8,12.226079,-69.060087
E9,-11.202692,17.873887
E10,-75.250973,-0.071389
E11,-38.416097,-63.616672
E12,-14.270972,-170.132217
E13,47.516231,14.550072
E14,-25.274398,133.775136
E15,12.52111,-69.968338
